country,year,dad,mom,daughter,son,continent
Afghanistan,1980,3.57013011,1.354020953,4.332961559,5.844685555,Asia
Albania,1940,5.046562195,3.975332022,7.473460197,8.332602501,Europe
Albania,1950,7.306269169,5.890841961,10.43323898,11.38680935,Europe
Albania,1960,8.007301331,6.990821838,10.42007446,11.06703281,Europe
Albania,1970,7.980126381,8.45618248,11.09630394,11.32250023,Europe
Albania,1980,9.784733772,9.666121483,12.96208477,12.00504208,Europe
Angola,1980,7.213785648,3.867464304,8.241621971,9.783507347,Africa
Armenia,1940,8.054162979,8.193253517,10.82289886,10.88946629,Europe
Armenia,1950,9.501730919,8.965654373,10.53980827,10.89555073,Europe
Armenia,1960,9.563797951,9.85832119,10.75143528,10.72208691,Europe
Armenia,1970,11.02619076,10.86184883,10.53214073,10.47999191,Europe
Armenia,1980,11.67123318,11.47211838,11.27502537,11.28338242,Europe
Australia,1940,9.4336586,8.776248932,11.46438503,12.19471264,Oceania
Australia,1950,10.10134983,9.245967865,12.40078735,12.8539753,Oceania
Australia,1960,10.96161938,10.02821732,12.96141529,12.9389286,Oceania
Australia,1970,11.72704792,11.46012783,13.59082508,13.56155682,Oceania
Australia,1980,12.45739174,12.20551586,13.70409107,13.43615532,Oceania
Austria,1940,11.18741703,7.956791878,10.69548607,12.87928486,Europe
Austria,1950,10.58606625,8.481179237,12.02062798,12.90516663,Europe
Austria,1960,10.82410908,9.309306145,12.43964958,13.56076717,Europe
Austria,1970,11.53214264,10.17258167,13.36141109,13.37737274,Europe
Austria,1980,12.23570442,11.65865803,14.03494167,14.29550266,Europe
Azerbaijan,1950,9.176474571,8.331694603,11.00309658,11.31297016,Asia
Azerbaijan,1960,9.887845993,8.898541451,10.55422783,10.65762997,Asia
Azerbaijan,1970,10.64304066,9.48608017,10.21186924,10.60829163,Asia
Azerbaijan,1980,11.12467766,10.1941824,10.80144691,11.25602913,Asia
Bangladesh,1980,3.979171991,3.350675106,8.886235237,7.252628326,Asia
Belarus,1940,8.807883263,7.67579031,10.89960861,11.09354782,Europe
Belarus,1950,9.52454567,8.698514938,11.63618469,11.62434959,Europe
Belarus,1960,10.23526192,9.324971199,11.86887646,11.90406132,Europe
Belarus,1970,10.96044731,11.06056213,12.34008598,12.17263126,Europe
Belarus,1980,11.49989033,11.70663834,13.7465086,13.46624756,Europe
Belgium,1940,6.970882893,6.277550697,11.04871559,11.45532227,Europe
Belgium,1950,7.945011139,7.474503517,12.12691402,12.23646355,Europe
Belgium,1960,9.310947418,8.656661987,13.35038185,13.4539566,Europe
Belgium,1970,10.21496773,9.60573101,14.33833694,14.19392204,Europe
Belgium,1980,11.37674904,10.90810966,14.60586071,14.4350605,Europe
Benin,1940,0.510579467,NA,NA,2.042862892,Africa
Benin,1950,0.680141866,NA,NA,2.883745909,Africa
Benin,1960,0.971909285,NA,NA,3.987011909,Africa
Benin,1970,1.206042171,NA,NA,3.949240923,Africa
Benin,1980,2.031171322,NA,NA,5.488920689,Africa
Bhutan,1940,0.304967463,0.029437561,0.084265508,0.854855061,Asia
Bhutan,1950,0.369678497,0.054310214,0.183612734,1.990481138,Asia
Bhutan,1960,0.465144843,0.074930973,0.937111437,3.155300856,Asia
Bhutan,1970,0.739199877,0.117685325,1.672135949,3.949123144,Asia
Bhutan,1980,0.769590974,0.073070794,2.019599915,2.725195169,Asia
Bolivia,1940,3.386713743,1.750113606,3.890075445,6.142498016,Americas
Bolivia,1950,3.7908957,2.744811773,5.819886684,7.653446674,Americas
Bolivia,1960,4.78899765,3.076246738,7.262863159,9.073571205,Americas
Bolivia,1970,6.052769661,4.547389507,9.105899811,10.39588451,Americas
Bolivia,1980,7.754859924,5.927717209,10.91476345,11.62740803,Americas
Bosnia and Herzegovina,1940,3.994019032,2.2102108,6.010520458,7.783083439,Europe
Bosnia and Herzegovina,1950,5.634396076,3.639844894,7.331927776,9.828435898,Europe
Bosnia and Herzegovina,1960,6.533459663,4.800957203,9.393923759,10.26896858,Europe
Bosnia and Herzegovina,1970,8.374693871,7.983870983,10.68117905,10.80397224,Europe
Bosnia and Herzegovina,1980,10.00001812,8.761948586,12.2437458,11.72645855,Europe
Botswana,1980,4.533067703,4.939519405,10.82686138,9.763353348,Africa
Brazil,1940,1.681071043,1.491290927,5.374973297,5.05618763,Americas
Brazil,1950,2.080343962,1.93399179,7.006638527,6.488901138,Americas
Brazil,1960,2.486016989,2.465509415,8.444162369,7.745663643,Americas
Brazil,1970,3.143215179,3.31368351,9.615281105,8.634846687,Americas
Brazil,1980,3.633101702,4.204856873,10.58273029,9.362397194,Americas
Bulgaria,1940,6.531758785,5.823876381,9.943840981,10.64854527,Europe
Bulgaria,1950,7.992930889,7.862950325,11.93177319,11.54761124,Europe
Bulgaria,1960,8.785104752,9.151126862,12.45456028,11.74971485,Europe
Bulgaria,1970,9.935809135,9.768968582,12.02536774,12.04024696,Europe
Bulgaria,1980,11.16555882,10.58468628,12.35942364,12.37366867,Europe
Burkina Faso,1980,0.774366319,1.094892025,3.976736546,2.158204794,Africa
Cabo Verde,1980,4.119381428,3.801734924,9.400424957,8.648139,Africa
Cambodia,1980,4.885419369,3.023386002,7.785878658,8.887018204,Asia
Cameroon,1980,4.938210964,4.594793797,8.109668732,6.867472649,Africa
Canada,1940,9.646140099,9.318644524,13.23916149,13.7801075,Americas
Canada,1950,10.29238796,9.986448288,13.92844963,14.0360117,Americas
Canada,1960,11.23145771,10.7541914,14.30508137,14.16162777,Americas
Canada,1970,12.63725948,12.14735794,14.81927395,14.45451927,Americas
Canada,1980,13.52977848,13.38971806,14.8581543,14.34191227,Americas
Central African Republic,1980,6.064507008,2.433123112,3.940553904,5.270957947,Africa
Chad,1980,1.557423592,0.77633214,2.036845684,2.304453611,Africa
Chile,1940,5.158880234,4.462621212,7.931039333,8.792744637,Americas
Chile,1950,6.216748714,5.265497208,9.981723785,10.55005646,Americas
Chile,1960,6.973365307,5.869318485,10.91072369,11.53571987,Americas
Chile,1970,8.376912117,7.361411095,12.05441856,12.68544197,Americas
Chile,1980,9.990110397,8.820964813,12.70695305,13.17577553,Americas
China,1940,1.947917342,0.348503649,2.499071121,4.898695469,Asia
China,1950,2.398473263,0.729024231,3.786775351,6.4281106,Asia
China,1960,3.763854742,1.768669486,6.11765337,7.93954277,Asia
China,1970,5.394006252,3.170193911,7.184784889,8.350502968,Asia
China,1980,7.126106739,5.437383175,10.0065403,10.01413345,Asia
Colombia,1940,2.714060068,2.487004519,5.257525921,5.73996973,Americas
Colombia,1950,3.467657804,3.081040621,6.975795746,7.677182674,Americas
Colombia,1960,3.779906034,3.414915562,8.52018261,8.47394371,Americas
Colombia,1970,4.685164452,4.233392715,9.768948555,9.340069771,Americas
Colombia,1980,5.850203037,5.601363182,10.90603542,10.39564323,Americas
Comoros,1940,NA,0.454665214,0.163873836,NA,Africa
Comoros,1950,0.69954443,0.861564577,0.131227374,2.278649569,Africa
Comoros,1960,1.199424148,0.757888913,1.831696153,4.025085926,Africa
Comoros,1970,2.450129271,1.280297756,3.4061203,6.831607819,Africa
Comoros,1980,2.938557625,1.408333659,6.754384995,10.02964687,Africa
"Congo, Dem. Rep.",1940,2.469537258,NA,NA,6.510795116,Africa
"Congo, Dem. Rep.",1950,3.138866901,NA,NA,7.884073734,Africa
"Congo, Dem. Rep.",1960,4.042050838,NA,NA,8.194851875,Africa
"Congo, Dem. Rep.",1970,4.564143658,NA,NA,8.332710266,Africa
"Congo, Dem. Rep.",1980,5.542179108,NA,NA,8.428104401,Africa
"Congo, Rep.",1980,10.82501125,9.504285812,10.69793224,10.39617634,Africa
Cote d'Ivoire,1980,3.841712475,2.000681877,5.914181232,5.982335091,Africa
Croatia,1940,5.912882805,4.244226456,8.512012482,10.04165077,Europe
Croatia,1950,6.932804108,5.725776672,10.65310383,11.20869827,Europe
Croatia,1960,7.570236683,6.96395731,11.58577156,11.34682941,Europe
Croatia,1970,9.497249603,8.86461544,12.09345055,11.70254898,Europe
Croatia,1980,10.52150631,10.19428635,12.88866234,12.22765732,Europe
Cyprus,1940,4.448496819,3.072329998,8.456232071,10.48996735,Europe
Cyprus,1950,5.89129591,3.664809227,10.45137978,11.36795712,Europe
Cyprus,1960,6.672022343,5.007380009,11.9351387,13.10431576,Europe
Cyprus,1970,9.5779953,7.716424465,13.4872427,13.83127213,Europe
Cyprus,1980,10.18993759,9.927476883,14.2792244,13.69119835,Europe
Czech Republic,1940,11.33388424,9.92302227,11.63046265,12.83157158,Europe
Czech Republic,1950,11.76590252,10.70341396,12.32438564,12.9025898,Europe
Czech Republic,1960,12.39192486,11.58343887,13.22601604,13.14228249,Europe
Czech Republic,1970,12.55191422,12.11870003,13.0912056,13.38038254,Europe
Czech Republic,1980,13.27079582,12.56397629,14.16104794,13.86445141,Europe
Denmark,1940,9.125851631,7.434715748,10.85307503,11.32539272,Europe
Denmark,1950,9.747426987,7.898267746,12.42253304,12.59892178,Europe
Denmark,1960,10.4036541,9.671218872,13.85238171,12.92679119,Europe
Denmark,1970,11.96444035,11.33697891,14.30372524,14.46530724,Europe
Denmark,1980,12.74934864,12.36600494,14.42464066,14.30385017,Europe
Djibouti,1980,3.471399546,1.039746523,6.907576561,8.234575272,Africa
Ecuador,1940,4.820119858,3.732232094,5.414761066,6.974215031,Americas
Ecuador,1950,5.06797266,4.262938499,7.283503532,8.287075996,Americas
Ecuador,1960,5.616252899,4.784245491,9.071266174,9.622290611,Americas
Ecuador,1970,6.614106655,5.641386986,9.991457939,9.869837761,Americas
Ecuador,1980,7.702293396,6.88445282,10.71017933,10.59462929,Americas
"Egypt, Arab Rep.",1940,1.4620713,0.454777747,3.032241821,6.644282818,Africa
"Egypt, Arab Rep.",1950,1.657325506,0.564677238,4.443130016,7.476024628,Africa
"Egypt, Arab Rep.",1960,1.921694517,0.554243267,5.919625282,8.955812454,Africa
"Egypt, Arab Rep.",1970,2.580538034,1.187272191,8.414794922,10.01711655,Africa
"Egypt, Arab Rep.",1980,3.903123379,2.303054094,9.540119171,10.26804066,Africa
Estonia,1940,8.532804489,7.72239399,13.08096313,12.59215355,Europe
Estonia,1950,9.556141853,9.745187759,13.85688877,12.9183321,Europe
Estonia,1960,10.82774162,11.60473061,13.82836342,12.98184872,Europe
Estonia,1970,12.94794178,12.9588213,14.45313358,13.59840965,Europe
Estonia,1980,13.62027454,13.81516457,14.69700813,13.88096523,Europe
Ethiopia,1940,0.477722675,0.136885136,0.315669388,0.449291617,Africa
Ethiopia,1950,0.701887965,0.226469487,0.433700204,1.721355915,Africa
Ethiopia,1960,0.952448845,0.248876765,1.213405371,3.223233223,Africa
Ethiopia,1970,1.63132143,0.424340606,1.914992213,4.28429985,Africa
Ethiopia,1980,2.373640537,1.073929667,3.28871727,5.511544704,Africa
Fiji,1980,8.781236649,9.669173241,12.40946484,11.32938099,Oceania
Finland,1940,5.565743923,5.426415443,11.64951611,11.20039845,Europe
Finland,1950,6.968952179,6.350320816,13.41777325,12.70308018,Europe
Finland,1960,8.662919044,8.594447136,15.06818199,13.78774166,Europe
Finland,1970,11.48366737,11.55704975,15.79218483,14.88053989,Europe
Finland,1980,12.51623631,12.8241415,15.57982731,14.60669041,Europe
France,1940,6.233880997,5.405319691,10.39765739,11.02272606,Europe
France,1950,7.689689159,5.89468956,11.4403429,11.9646616,Europe
France,1960,7.590095997,7.215489388,13.10478783,12.35362148,Europe
France,1970,9.437288284,7.933168411,14.27888584,14.08818722,Europe
France,1980,11.11224079,9.624640465,14.58160591,14.72700977,Europe
Gabon,1980,9.780420303,8.145810127,9.591056824,8.733246803,Africa
Georgia,1940,9.931615829,9.600191116,12.38199711,12.94685936,Europe
Georgia,1950,9.446040154,10.67587185,12.46330738,12.14711857,Europe
Georgia,1960,10.8788538,11.41809654,12.74219322,12.6712532,Europe
Georgia,1970,11.95741367,12.07778072,13.10958958,12.45549679,Europe
Georgia,1980,12.34352493,12.25501823,13.31720066,12.73337746,Europe
Germany,1940,13.18520737,10.88194942,11.70298958,13.50207996,Europe
Germany,1950,13.3000021,11.24955177,13.17953873,13.68301201,Europe
Germany,1960,13.08824921,11.7978735,13.97589207,14.12827396,Europe
Germany,1970,13.25738239,12.41081429,14.50744629,14.57095337,Europe
Germany,1980,14.28407288,13.00722408,14.96793079,14.73053837,Europe
Ghana,1940,1.423945308,0.374160707,3.063650131,6.415803909,Africa
Ghana,1950,1.851403475,0.854220212,5.283251762,7.925515175,Africa
Ghana,1960,3.536434412,1.393044114,5.535490036,8.04276371,Africa
Ghana,1970,4.52650404,2.231214285,5.703223228,8.319531441,Africa
Ghana,1980,6.034484863,3.361850739,7.2000103,9.192231178,Africa
Greece,1940,5.182532787,4.515994072,7.698923588,8.847847939,Europe
Greece,1950,6.891180992,5.380543232,10.08273602,10.83040047,Europe
Greece,1960,7.363706112,6.098432064,11.53009415,11.9825058,Europe
Greece,1970,8.024072647,8.0661726,12.84850693,12.29815483,Europe
Greece,1980,10.96521568,8.915902138,13.10081387,13.61821461,Europe
Guatemala,1940,1.147053123,1.09506321,2.340060711,2.769931078,Americas
Guatemala,1950,1.395320892,1.126219749,2.801953077,3.798167229,Americas
Guatemala,1960,1.49951148,1.160591841,3.599362373,4.753284454,Americas
Guatemala,1970,2.103403091,1.65864706,4.747279167,5.644527912,Americas
Guatemala,1980,2.963973045,2.096196651,6.170473099,7.114142895,Americas
Guinea,1940,0.464769304,0.113601595,0.280400842,1.638176084,Africa
Guinea,1950,0.600941896,0.099529207,0.951219559,3.947987318,Africa
Guinea,1960,1.127475142,0.219922721,1.097342014,3.297594786,Africa
Guinea,1970,1.953711987,0.503281355,1.233787656,3.42694521,Africa
Guinea,1980,2.529621363,1.827457905,6.01348877,4.997771263,Africa
Guinea-Bissau,1980,1.929150224,0.947656631,3.473197937,3.385990381,Africa
Hungary,1940,8.349067688,6.688826561,11.60582066,12.29481602,Europe
Hungary,1950,9.537906647,8.095199585,12.43266678,12.68893814,Europe
Hungary,1960,10.04078388,9.410144806,13.01120377,12.31746006,Europe
Hungary,1970,11.45090294,10.60326862,13.21696758,12.98005772,Europe
Hungary,1980,11.7110424,10.80713654,13.34352684,13.10267258,Europe
Iceland,1950,10.12506866,8.930856705,14.14335823,14.37081528,Europe
Iceland,1960,12.14947891,9.595473289,15.55506802,14.81813431,Europe
Iceland,1970,13.72927856,11.01865292,16.36094856,15.03351593,Europe
Iceland,1980,13.69408321,12.76852322,16.58952141,15.17274761,Europe
India,1940,2.059480429,0.431548953,1.39903152,4.835920811,Asia
India,1950,2.432259798,0.881519139,3.244351149,5.721421719,Asia
India,1960,2.737436533,1.000319123,3.612392187,6.332557201,Asia
India,1970,3.586042166,1.426381707,4.681651592,7.506875515,Asia
India,1980,4.69319582,2.098122835,6.73830986,8.623197556,Asia
Indonesia,1940,2.312783718,1.114691019,3.101387501,5.691601753,Oceania
Indonesia,1950,3.457100153,1.912763476,4.835901737,6.928919792,Oceania
Indonesia,1960,4.585558414,2.867768526,6.420636654,8.293710709,Oceania
Indonesia,1970,5.192306042,3.728204966,8.808172226,9.468060493,Oceania
Indonesia,1980,5.740912437,4.507160664,10.00734425,10.23325348,Oceania
"Iran, Islamic Rep.",1980,5.249607086,4.27324295,11.37188625,10.53081417,Asia
Iraq,1940,0.510157168,0.058558341,1.791032434,5.07962656,Asia
Iraq,1950,0.786707044,0.218135968,2.6929667,6.447700977,Asia
Iraq,1960,1.304297447,0.382330865,4.578295231,8.320962906,Asia
Iraq,1970,2.516987085,0.807617188,5.231938362,7.171503544,Asia
Iraq,1980,4.544045925,1.906549096,5.479084015,6.785463333,Asia
Ireland,1940,5.370691776,5.541399002,12.16162109,12.05946064,Europe
Ireland,1950,6.473916531,6.739877701,13.56872177,13.51064968,Europe
Ireland,1960,7.379422665,7.436335564,14.46823025,14.35378647,Europe
Ireland,1970,8.543811798,8.893216133,15.43840599,14.83620453,Europe
Ireland,1980,9.95737648,10.11091137,15.81794834,15.71456909,Europe
Israel,1940,5.365103245,4.838186264,11.4065876,11.73424339,Asia
Israel,1950,6.43540144,5.593500614,12.44198704,12.07816887,Asia
Israel,1960,7.34319973,7.051755428,13.21126366,12.91008759,Asia
Israel,1970,9.158823013,9.535224915,13.76617336,13.23979568,Asia
Israel,1980,11.4930315,11.38902473,13.66333389,13.36601448,Asia
Italy,1940,5.728382587,4.550832272,8.09872818,9.264469147,Europe
Italy,1950,6.902115822,6.070212364,11.08526516,11.4152813,Europe
Italy,1960,8.285196304,7.140275478,12.10031223,12.21126461,Europe
Italy,1970,9.357103348,8.966868401,13.22027493,12.83678818,Europe
Italy,1980,10.83035469,10.73290348,13.66381454,13.62485695,Europe
Japan,1940,8.813981056,8.197879791,11.84619331,12.71184158,Asia
Japan,1950,9.421405792,8.778655052,13.00588608,13.78761864,Asia
Japan,1960,11.05599499,10.57987499,13.40337849,13.77105045,Asia
Japan,1970,11.96299553,12.01131725,13.66376686,13.90262222,Asia
Japan,1980,13.4752903,12.97804832,14.17285538,14.31265926,Asia
Jordan,1940,1.526574969,0.637612462,4.250031471,9.805724144,Asia
Jordan,1950,2.297436714,0.96420449,7.763307095,10.62644672,Asia
Jordan,1960,3.227111578,1.58237803,10.18618774,11.03893757,Asia
Jordan,1970,5.023459911,2.987099171,11.34209633,11.18834019,Asia
Jordan,1980,7.776378155,6.126008511,12.53683567,12.2698698,Asia
Kazakhstan,1940,NA,6.141041756,11.63884163,NA,Asia
Kazakhstan,1950,9.131231308,8.55459404,12.76101685,12.05338764,Asia
Kazakhstan,1960,9.987628937,9.130620003,12.63351917,12.19100857,Asia
Kazakhstan,1970,11.36545753,11.00687122,12.50420856,12.0344162,Asia
Kazakhstan,1980,11.50475788,11.51887512,12.93875885,12.63570976,Asia
Kenya,1950,5.334233284,NA,NA,7.882286549,Africa
Kenya,1960,6.413649559,5.73884201,8.589960098,9.899302483,Africa
Kenya,1970,8.311699867,6.030955315,9.084795952,10.85791397,Africa
Kenya,1980,10.49634838,8.708538055,10.86533546,11.48631763,Africa
Kiribati,1980,7.518609524,7.018778324,11.78304958,10.55647182,Oceania
"Korea, Rep.",1940,3.837352753,1.338714361,6.712827206,10.14446735,Asia
"Korea, Rep.",1950,5.679133892,2.586277246,9.874723434,11.88292694,Asia
"Korea, Rep.",1960,6.884687901,4.279900074,12.33313084,13.49954891,Asia
"Korea, Rep.",1970,9.132658005,7.437494278,14.19960213,14.52304935,Asia
"Korea, Rep.",1980,11.4457922,10.25616455,14.98397064,14.9396801,Asia
Kosovo,1940,3.10658884,1.312184095,3.725309849,7.888702393,Europe
Kosovo,1950,4.987936497,3.185327291,6.156871796,10.79534721,Europe
Kosovo,1960,5.762473106,4.448618889,8.073591232,10.72619915,Europe
Kosovo,1970,7.48662281,4.999093533,8.322368622,10.10688877,Europe
Kosovo,1980,10.04037476,7.159265041,10.66567039,11.58778191,Europe
Kyrgyz Republic,1940,8.107255936,6.896631241,10.44042683,11.928195,Asia
Kyrgyz Republic,1950,8.422029495,7.640234947,11.5084486,11.8900547,Asia
Kyrgyz Republic,1960,9.212594032,8.724829674,12.35347843,12.05672932,Asia
Kyrgyz Republic,1970,10.04515457,9.936644554,11.78091431,12.05398369,Asia
Kyrgyz Republic,1980,10.21930695,10.50191593,12.35469913,11.89091873,Asia
Lao PDR,1950,1.4544245,0.172327891,3.444372892,5.71981144,Asia
Lao PDR,1960,1.649169087,0.753257453,4.598336697,7.113044739,Asia
Lao PDR,1970,3.331843376,1.275520205,4.614465237,7.811043739,Asia
Lao PDR,1980,5.827187061,2.58843255,7.137096405,8.06252861,Asia
Latvia,1940,8.611058235,6.879090309,12.07421494,12.63101864,Europe
Latvia,1950,10.39677715,8.796394348,13.94067001,13.88485241,Europe
Latvia,1960,10.88079929,10.51580238,13.99181175,13.91145325,Europe
Latvia,1970,12.24877453,11.93329334,13.95512295,13.70976639,Europe
Latvia,1980,12.90700817,12.93035507,14.2260561,13.64417839,Europe
Lebanon,1980,8.676222801,9.755267143,13.98741341,11.55427265,Asia
Lesotho,1980,0.024498206,0.03695048,2.711059809,1.898674607,Africa
Liberia,1940,1.091294646,0.714355946,0.492983729,4.944328308,Africa
Liberia,1950,2.226884127,0.691908121,1.156702399,7.224479675,Africa
Liberia,1960,2.188657761,0.624091923,2.764991045,8.46552372,Africa
Liberia,1970,4.544822693,0.99719435,3.560395241,7.937801361,Africa
Liberia,1980,5.930339813,2.306632757,4.590404987,8.21279335,Africa
Lithuania,1940,5.356955528,5.158814907,11.05023861,11.3327322,Europe
Lithuania,1950,8.445738792,7.215074539,13.12067509,12.76350975,Europe
Lithuania,1960,9.118659019,9.604106903,13.49399567,12.74194813,Europe
Lithuania,1970,11.52388096,12.23660755,14.19217205,13.6671114,Europe
Lithuania,1980,12.9224844,13.03512669,14.64890099,14.50101089,Europe
"Macedonia, FYR",1940,4.421246052,3.389247179,7.675664425,9.354018211,Europe
"Macedonia, FYR",1950,5.91513586,4.453181267,8.420459747,9.999607086,Europe
"Macedonia, FYR",1960,6.227892399,5.616255283,8.831583977,10.01416302,Europe
"Macedonia, FYR",1970,7.77663517,6.909823418,9.207901955,10.20618153,Europe
"Macedonia, FYR",1980,9.25587368,8.371567726,11.86785316,11.86080074,Europe
Madagascar,1940,2.98709321,1.786716461,4.183206558,5.65312767,Africa
Madagascar,1950,3.3291502,2.523938417,5.200780392,5.934781075,Africa
Madagascar,1960,3.275358438,2.527665615,5.4879179,6.195186138,Africa
Madagascar,1970,3.573099136,2.883220196,5.224268913,5.444920063,Africa
Madagascar,1980,4.106688976,3.158643961,5.292560101,5.632525921,Africa
Malawi,1940,0.228930965,0.07170213,1.214105606,3.016462088,Africa
Malawi,1950,1.173536777,0.203792065,1.960491657,4.27270174,Africa
Malawi,1960,1.117846131,0.459664017,2.866481543,4.824361324,Africa
Malawi,1970,1.808681488,0.796636343,3.613664627,5.861177921,Africa
Malawi,1980,2.593783855,1.310646415,5.000163555,6.410828114,Africa
Malaysia,1960,6.317855835,3.22699666,10.83996391,11.62303162,Asia
Malaysia,1970,7.234118938,5.595696449,12.41189003,12.46192837,Asia
Malaysia,1980,9.031755447,7.87786293,14.06374645,13.85053444,Asia
Maldives,1980,2.387849808,1.679440737,12.4012928,11.78133297,Oceania
Mali,1940,0.497343957,0.370972812,0.265820116,0.759840012,Africa
Mali,1950,0.930988431,0.2868402,0.870910466,1.877269864,Africa
Mali,1960,0.785397112,0.25964731,1.093439698,1.661018252,Africa
Mali,1970,1.225151658,0.444998503,0.8022089,2.157811165,Africa
Mali,1980,1.928957701,0.867051482,1.682743549,3.452232361,Africa
Mauritania,1940,2.815891743,1.72632885,0.070423886,0.34570238,Africa
Mauritania,1950,2.521613121,1.924232364,0.406954885,1.656779885,Africa
Mauritania,1960,2.987081289,1.896819949,1.344361305,3.581777811,Africa
Mauritania,1970,3.38393116,1.970079184,2.02886796,3.775195837,Africa
Mauritania,1980,1.688330889,0.979568183,4.292237759,5.076605797,Africa
Mauritius,1980,8.354885101,8.1831007,12.68215752,11.39916325,Oceania
Mexico,1940,1.465253711,1.550758243,5.154491425,5.488984585,Americas
Mexico,1950,2.794310093,2.147045612,6.434001923,8.808856964,Americas
Mexico,1960,3.09952116,2.991772413,8.483123779,8.908758163,Americas
Mexico,1970,4.840111732,4.065826893,9.492357254,9.949586868,Americas
Mexico,1980,6.642023087,6.759074688,11.09175205,10.88614941,Americas
Moldova,1940,5.620896816,4.493531704,9.893141747,10.54631519,Europe
Moldova,1950,6.516441822,5.808383942,10.99721813,10.97975063,Europe
Moldova,1960,8.26790905,7.366685867,11.45357323,11.58491898,Europe
Moldova,1970,9.159872055,9.320406914,11.32829952,11.26930428,Europe
Moldova,1980,10.65039635,10.65215588,12.34533024,11.67897511,Europe
Mongolia,1940,NA,4.692594051,9.315823555,NA,Asia
Mongolia,1950,5.68544817,5.448102474,9.996728897,10.44841003,Asia
Mongolia,1960,6.859024048,6.289771557,10.7571125,10.2460022,Asia
Mongolia,1970,8.122506142,6.984757423,11.01719856,10.85312653,Asia
Mongolia,1980,8.075058937,8.259141922,11.54434013,10.62407017,Asia
Montenegro,1940,5.328356266,4.481067657,8.949477196,9.607362747,Europe
Montenegro,1950,7.289491653,6.314931393,9.887537956,10.99924374,Europe
Montenegro,1960,9.227645874,7.82996273,11.51111698,11.75688076,Europe
Montenegro,1970,10.06500053,9.144979477,11.72684097,11.59396458,Europe
Montenegro,1980,11.79934216,11.22325325,13.37271881,12.72668839,Europe
Morocco,1940,0.849589944,0.020053776,0.951178491,3.510834694,Africa
Morocco,1950,0.973072112,0.039972495,1.893711686,4.70348978,Africa
Morocco,1960,1.105454564,0.183657959,3.142290354,5.718948841,Africa
Morocco,1970,2.057034492,0.485384732,4.700762272,7.105203152,Africa
Morocco,1980,2.700058699,0.882164478,5.982889175,7.922386646,Africa
Mozambique,1980,4.010569096,2.217516184,5.295924664,6.32904911,Africa
Namibia,1980,4.572329044,4.995443344,8.111917496,7.824954033,Africa
Nepal,1940,1.013382196,0.103347495,0.275442719,1.632068396,Asia
Nepal,1950,1.329498649,0.234318957,0.537064731,3.327545404,Asia
Nepal,1960,1.742639899,0.347446233,1.091634035,4.58714056,Asia
Nepal,1970,2.265868664,0.583442569,2.36725235,6.145792961,Asia
Nepal,1980,3.397544622,0.976828039,4.895048141,7.732948303,Asia
Netherlands,1940,8.637633324,7.048219681,11.61250687,13.29390812,Europe
Netherlands,1950,8.912806511,7.532839298,12.68369961,14.15588474,Europe
Netherlands,1960,9.49032402,8.46413517,14.18581676,14.68774033,Europe
Netherlands,1970,10.58369923,9.313968658,14.85974789,14.94832039,Europe
Netherlands,1980,11.72304249,10.81744576,15.25110245,15.62694359,Europe
New Zealand,1940,10.77108479,11.51515198,13,12.87951851,Oceania
New Zealand,1950,11.16981125,11.48999977,13.69999981,13.46226406,Oceania
New Zealand,1960,12.74683571,12.25,13.9285717,14.53164577,Oceania
New Zealand,1970,13.45098019,13.92134857,15.06741619,14.74509811,Oceania
Niger,1940,0.039292306,0.014880713,0.580102265,2.49326849,Africa
Niger,1950,0.164351389,0.091797508,1.39447093,3.17489028,Africa
Niger,1960,0.224226311,0.136908337,1.644410014,3.514110565,Africa
Niger,1970,0.44029057,0.191509292,1.889320254,3.822018147,Africa
Niger,1980,1.024492145,0.314162016,1.824514747,4.040288925,Africa
Nigeria,1940,1.741791129,0.664913535,2.432971239,5.474514484,Africa
Nigeria,1950,2.63479805,1.087944508,4.12161684,6.486539841,Africa
Nigeria,1960,3.422269583,1.747453809,5.458403587,8.042406082,Africa
Nigeria,1970,4.833731651,2.777717352,6.23708868,8.748846054,Africa
Nigeria,1980,7.277461052,5.179782391,8.216520309,10.82295609,Africa
Norway,1940,9.635315895,9.049228668,12.42233276,12.47177505,Europe
Norway,1950,10.3564024,9.49238205,13.34928322,13.08743477,Europe
Norway,1960,11.20377064,9.973267555,13.92342758,13.27671719,Europe
Norway,1970,12.29891014,11.78238869,15.0266304,14.11303902,Europe
Norway,1980,13.0891161,12.9726553,14.86856461,14.29087734,Europe
Pakistan,1940,1.055481195,0.143732935,0.627079546,3.274583101,Asia
Pakistan,1950,1.462126136,0.186511129,1.025036216,4.297616959,Asia
Pakistan,1960,2.22739768,0.390536815,1.939568162,5.364247322,Asia
Pakistan,1970,2.267187119,0.502528429,2.35473156,5.276717663,Asia
Pakistan,1980,4.415769577,2.547562838,8.311530113,7.368855476,Asia
Panama,1940,3.805719614,3.426160812,7.845970154,7.57216835,Americas
Panama,1950,4.559483051,4.047669888,9.418124199,9.322463989,Americas
Panama,1960,5.232190609,4.692994595,10.45928288,9.664753914,Americas
Panama,1970,6.595434666,6.06370163,10.78854275,10.29813576,Americas
Panama,1980,7.978562832,7.933394909,11.1139679,10.49582577,Americas
Papua New Guinea,1980,5.803647995,4.183830261,8.052061081,7.625922203,Asia
Peru,1940,3.397772789,2.070475578,4.333014965,6.892857075,Americas
Peru,1950,4.002934933,2.717332125,7.024560452,8.721884727,Americas
Peru,1960,4.455768585,3.107970715,8.633236885,9.598421097,Americas
Peru,1970,4.822653294,3.708075762,9.469381332,9.909946442,Americas
Peru,1980,6.310105801,5.335502148,10.75071621,10.72336006,Americas
Philippines,1940,5.291018486,4.088905811,8.250728607,8.934617996,Oceania
Philippines,1950,5.195933819,4.934252739,9.272092819,8.84540081,Oceania
Philippines,1960,5.963531017,5.656183243,9.875183105,10.24108791,Oceania
Philippines,1970,7.253463268,6.961163521,10.45618343,10.77949524,Oceania
Philippines,1980,7.539913654,7.880814075,8.646404266,8.429073334,Oceania
Poland,1940,6.751666069,5.864910603,10.23746872,11.17616081,Europe
Poland,1950,7.545582294,7.302519798,12.14995003,11.92566776,Europe
Poland,1960,9.028165817,8.293866158,13.23088932,12.65672112,Europe
Poland,1970,9.496228218,9.451169014,13.85525799,13.62766552,Europe
Poland,1980,10.37499332,11.17774582,14.93024445,13.8748827,Europe
Portugal,1940,3.953693628,2.374314308,4.981456757,6.066319942,Europe
Portugal,1950,4.072805882,3.397141457,7.073473454,7.318906307,Europe
Portugal,1960,5.176322937,4.849426746,9.202847481,8.691967964,Europe
Portugal,1970,6.247421265,6.45838356,11.37460709,10.3432951,Europe
Portugal,1980,7.429003239,7.129957676,12.79168892,11.43317127,Europe
Romania,1940,6.086591244,4.656805038,8.106812477,10.41789913,Europe
Romania,1950,7.161547184,5.960775852,10.69911957,11.82385159,Europe
Romania,1960,7.861454964,7.092122078,12.02895546,12.11483097,Europe
Romania,1970,9.701655388,9.219805717,13.06525898,12.46107101,Europe
Romania,1980,11.51075172,11.21482468,13.09148884,13.15947342,Europe
Russian Federation,1940,6.095517159,5.219754696,11.49494648,11.07117558,Europe
Russian Federation,1950,7.748682976,6.720355034,12.02750587,12.28851128,Europe
Russian Federation,1960,8.672120094,8.750080109,12.33954334,12.35463428,Europe
Russian Federation,1970,10.54837513,11.32107258,13.18282127,12.71932411,Europe
Russian Federation,1980,12.20380211,12.8762188,14.31205559,13.74986839,Europe
Rwanda,1940,0.398219824,0.128752872,1.073268771,2.762916088,Africa
Rwanda,1950,0.765372753,0.19684127,1.93281281,3.348852158,Africa
Rwanda,1960,1.486876011,0.465233445,3.410922766,4.323973656,Africa
Rwanda,1970,2.662507057,1.27835834,5.184300423,5.577285767,Africa
Rwanda,1980,3.000243425,2.196460962,4.866084576,5.137032032,Africa
Sao Tome and Principe,1980,4.067403316,2.579858541,5.296833038,5.498895168,Africa
Senegal,1940,3.516038,1.446132,2.157133,4.375983,Africa
Senegal,1950,3.543019,1.490379,2.595667,4.957835,Africa
Senegal,1960,4.306497,1.730419,3.037199,5.554702,Africa
Senegal,1970,4.121383,2.259225,3.625663,5.48983,Africa
Senegal,1980,4.542511,2.202781,3.532743,4.631052,Africa
Serbia,1940,5.696892262,3.795746803,8.036123276,9.748565674,Europe
Serbia,1950,6.497679234,5.002118111,9.505188942,10.41829491,Europe
Serbia,1960,8.622796059,6.807806969,11.23779202,11.62280083,Europe
Serbia,1970,9.648320198,9.014611244,11.5991745,11.66451359,Europe
Serbia,1980,10.7274971,10.31878757,12.52727795,11.86835575,Europe
Sierra Leone,1980,3.381811619,2.515626192,6.319627285,5.927343369,Africa
Slovak Republic,1940,8.670460701,7.481426239,11.84394932,12.69262218,Europe
Slovak Republic,1950,9.896877289,8.671875,12.61182117,12.93667316,Europe
Slovak Republic,1960,10.89474297,9.816457748,13.23692799,13.37818241,Europe
Slovak Republic,1970,11.80264854,11.03492355,13.47825241,13.17973995,Europe
Slovak Republic,1980,11.86466694,12.31153679,14.11572552,13.68643761,Europe
Slovenia,1940,8.843914986,7.19702816,10.49541759,11.72384834,Europe
Slovenia,1950,9.625938416,8.08576107,11.25083447,11.51469421,Europe
Slovenia,1960,10.32060242,8.860486031,12.1704998,12.07902718,Europe
Slovenia,1970,11.52855587,10.60657024,13.81296921,12.71170712,Europe
Slovenia,1980,11.7245369,11.61226845,14.56208038,13.74317932,Europe
South Africa,1940,3.055577278,2.760472536,5.602649689,6.787576675,Africa
South Africa,1950,3.803827286,3.403627872,7.35307312,8.175712585,Africa
South Africa,1960,3.745142221,3.476252556,8.881994247,9.183983803,Africa
South Africa,1970,4.387219906,4.479598045,10.69233227,10.47646332,Africa
South Africa,1980,5.92245245,6.399115562,11.35559654,11.14382648,Africa
South Sudan,1980,1.682334661,0.587940991,1.479475379,2.311807394,Africa
Spain,1940,2.46576786,1.775939941,8.567094803,9.16189003,Europe
Spain,1950,4.116793633,2.498078346,10.86307526,11.95276642,Europe
Spain,1960,5.086633205,3.360060453,13.13112926,13.02733994,Europe
Spain,1970,6.324576378,5.529597759,15.08417988,14.51402855,Europe
Spain,1980,8.099478722,7.57651186,16.03286171,14.87685871,Europe
Sri Lanka,1940,NA,5.274738312,8.240121841,NA,Asia
Sri Lanka,1950,6.453375816,5.216644287,7.907186508,8.260580063,Asia
Sri Lanka,1960,7.153677464,5.955152512,8.566968918,8.819929123,Asia
Sri Lanka,1970,8.179405212,7.486055851,9.736258507,9.706988335,Asia
Sri Lanka,1980,8.525030136,7.462782383,9.747917175,11.37034225,Asia
Sudan,1980,3.311148405,1.905593276,6.82738781,6.589980602,Africa
Swaziland,1980,6.230676174,5.87539196,9.443804741,8.923306465,Africa
Sweden,1940,5.692015171,5.547937393,12.23803234,11.96773338,Europe
Sweden,1950,7.182980537,6.651021004,13.19260406,12.84254837,Europe
Sweden,1960,9.11803627,8.984157562,14.1223135,13.12509823,Europe
Sweden,1970,11.29483032,11.71162224,14.65487671,14.05592155,Europe
Sweden,1980,12.53035927,12.68481255,14.73940182,14.17504883,Europe
Switzerland,1940,11.36389065,9.590035439,10.72911358,11.40402699,Europe
Switzerland,1950,11.32443333,9.490039825,11.19149303,11.7680645,Europe
Switzerland,1960,11.46681213,10.15355778,11.5874567,11.82113171,Europe
Switzerland,1970,12.83615112,11.35650921,12.58431721,12.45478153,Europe
Switzerland,1980,13.0796032,12.04549408,12.53131866,12.11381912,Europe
"Taiwan, China",1940,3.572799444,1.406809926,5.43558979,8.930261612,Asia
"Taiwan, China",1950,5.073617935,2.6060009,8.819681168,10.47414494,Asia
"Taiwan, China",1960,5.826768875,3.695202112,11.38163376,12.27629662,Asia
"Taiwan, China",1970,7.757129192,6.146019459,13.55848408,13.52524471,Asia
"Taiwan, China",1980,10.42308426,9.193557739,14.93864822,15.08314896,Asia
Tajikistan,1950,10.05234051,7.744809628,11.17199516,12.26163006,Asia
Tajikistan,1960,10.41683197,8.544930458,11.91820526,12.31186771,Asia
Tajikistan,1970,11.24177361,9.117115974,11.28192997,11.91999531,Asia
Tajikistan,1980,11.06383896,9.822495461,11.29569054,12.2304039,Asia
Tanzania,1940,0.858733118,0.237222731,1.47525835,3.530110836,Africa
Tanzania,1950,1.697755456,0.775001168,3.180064678,5.638080597,Africa
Tanzania,1960,2.275851965,1.319634557,5.120126247,6.631346703,Africa
Tanzania,1970,4.459136009,2.531617403,5.772845268,6.51747179,Africa
Tanzania,1980,5.078999519,4.208968163,6.057113171,6.983336926,Africa
Thailand,1980,6.5566082,6.402316093,12.62516499,11.18113613,Asia
Timor-Leste,1940,0.11144425,0.019529708,0.137998283,0.802608728,Oceania
Timor-Leste,1950,0.122242145,0.00920325,0.488444746,1.630037665,Oceania
Timor-Leste,1960,0.270780861,0.095025897,1.998700261,4.815083981,Oceania
Timor-Leste,1970,0.533932388,0.322210103,5.293432236,7.209234715,Oceania
Timor-Leste,1980,1.344822645,0.627329409,6.29330492,7.366274357,Oceania
Togo,1940,0.553429186,0.083111957,0.427742034,3.062926292,Africa
Togo,1950,0.93128866,0.15496096,1.420482039,4.354441643,Africa
Togo,1960,1.339530587,0.353524595,2.483583689,6.349674702,Africa
Togo,1970,1.819515109,0.847614288,3.172788143,6.167209625,Africa
Togo,1980,3.46562314,1.387477994,4.483484745,7.671432495,Africa
Tonga,1980,10.42324638,9.535420418,11.80506802,11.12323666,Oceania
Tunisia,1940,1.310402989,0.223160878,1.544512033,4.075894833,Africa
Tunisia,1950,1.203286409,0.108976141,2.780699015,6.490847111,Africa
Tunisia,1960,1.74608314,0.33560586,4.746359348,7.116865158,Africa
Tunisia,1970,2.277725935,0.675169706,6.71808815,8.543893814,Africa
Tunisia,1980,4.053542614,2.003531933,9.692625046,9.913556099,Africa
Turkey,1950,4.302700043,3.455848455,6.565317631,7.247435093,Asia
Turkey,1960,4.89299202,3.316255331,7.262038231,8.371935844,Asia
Turkey,1970,5.654708385,4.098298073,7.86598587,9.66074276,Asia
Turkey,1980,6.381680012,5.117012501,9.679793358,11.13595963,Asia
Uganda,1940,0.763179541,0.010844212,2.606523991,5.965436935,Africa
Uganda,1950,1.536167145,0.249694809,3.472875357,6.532973766,Africa
Uganda,1960,1.91927433,0.666496634,4.299911499,7.540031433,Africa
Uganda,1970,2.946210384,1.396191835,5.152807236,6.849210739,Africa
Uganda,1980,4.962837696,2.311306477,6.955095291,8.823253632,Africa
Ukraine,1940,5.567000389,5.164167404,12.11525345,12.55286407,Europe
Ukraine,1950,7.647067547,7.078223705,12.587286,12.40115166,Europe
Ukraine,1960,9.71555233,8.871049881,13.19953442,13.13732529,Europe
Ukraine,1970,11.29603291,11.18509674,13.24168587,12.53691769,Europe
Ukraine,1980,11.5975914,12.07294369,13.96976089,13.43816948,Europe
United Kingdom,1940,7.88480854,7.248984337,12.18450832,12.58721066,Europe
United Kingdom,1950,8.525239944,7.802820683,13.01599121,13.5260582,Europe
United Kingdom,1960,9.328156471,8.725624084,13.81678104,13.99291611,Europe
United Kingdom,1970,10.86923218,9.950638771,14.7869873,14.3998003,Europe
United Kingdom,1980,11.73618698,11.51637173,15.02584362,14.76450825,Europe
United States,1940,10.01478577,10.62883472,13.54271984,14.33841133,Americas
United States,1950,11.14658833,11.46203804,13.98587608,13.90823746,Americas
United States,1960,11.98210049,11.68764877,13.92762089,13.81027508,Americas
United States,1970,13.02864742,12.77601814,14.55724525,14.16683769,Americas
United States,1980,13.24511528,13.11213875,14.58115387,14.08752823,Americas
Uzbekistan,1940,8.061926842,7.912672043,10.40172672,11.74523067,Asia
Uzbekistan,1950,8.576899529,8.229135513,10.82109547,11.37737846,Asia
Uzbekistan,1960,9.494441032,8.941758156,10.83596325,10.81603432,Asia
Uzbekistan,1970,10.47541809,9.651024818,10.32692623,10.24664593,Asia
Uzbekistan,1980,11.10899639,10.13044643,10.33351135,10.88886833,Asia
Vanuatu,1980,6.132638454,5.288010597,7.474104404,7.313222885,Oceania
Vietnam,1940,NA,2.016794682,9.962827682,NA,Asia
Vietnam,1950,5.627871037,2.536941528,10.05125809,11.94584465,Asia
Vietnam,1960,5.619730949,3.626419783,9.783186913,9.816375732,Asia
Vietnam,1970,7.732713699,5.457524776,10.7844696,11.25593853,Asia
Vietnam,1980,8.604109764,7.36640501,12.32428932,12.16369057,Asia
West Bank and Gaza,1980,8.909261703,7.877292156,12.76956081,11.40103245,Asia
"Yemen, Rep.",1980,3.791223288,1.393862724,7.529600143,10.24094677,Asia
Zambia,1980,8.124674797,6.441871643,5.907146931,5.742238045,Africa